---
layout: null
---

<?xml version="1.0" encoding="UTF-8"?>
<rss version="2.0" xmlns:atom="http://www.w3.org/2005/Atom">
  <channel>
    <title>RSS - {{ site.blog.name }}</title>
    <description>{{ site.blog.name }} - {{ site.blog.description }}</description>
    <link>{{ site.blog.url }}</link>
    <atom:link href="{{ site.blog.url }}/page/feed.xml" rel="self" type="application/rss+xml" />
    <pubDate>{{ site.time | date_to_rfc822 }}</pubDate>
    <lastBuildDate>{{ site.time | date_to_rfc822 }}</lastBuildDate>
    <generator>{{ site.author.name }}</generator>
    {% for post in site.posts limit:10 %}
      <item>
        <title>{{ post.title | xml_escape }}</title>
        <description>{{ post.content | xml_escape }}</description>
        <pubDate>{{ post.date | date_to_rfc822 }}</pubDate>
        <link>{{ site.blog.url }}{{ post.url }}</link>
        <guid isPermaLink="true">{{ site.blog.url }}{{ post.url }}</guid>
        {% for category in post.categories %}
        <category>{{ category | xml_escape }}</category>
        {% endfor %}
      </item>
    {% endfor %}
  </channel>
</rss>
